{
    "User Name": "Harsh",
    "Emotion": [
        89.38026428222656,
        "happy"
    ],
    "Age": 24,
    "Gender": [
        100.0,
        "Man"
    ],
    "Race": [
        41.01809859275818,
        "latino hispanic"
    ],
    "Dominant Emotion": "latino hispanic",
    "Estimated HeartRate": 102.56880733944953
}