{
    "User Name": "harshh",
    "Emotion": [
        64.45237782313691,
        "sad"
    ],
    "Age": 22,
    "Gender": [
        99.99996423721313,
        "Man"
    ],
    "Race": [
        77.2636353969574,
        "indian"
    ],
    "Dominant Emotion": "indian",
    "Estimated HeartRate": 96.92307692307693
}