{
    "User Name": "stHARSH",
    "Emotion": [
        87.89634848876614,
        "fear"
    ],
    "Age": 23,
    "Gender": [
        100.0,
        "Man"
    ],
    "Race": [
        28.378495573997498,
        "asian"
    ],
    "Dominant Emotion": "asian",
    "Estimated HeartRate": 80.34482758620689
}