{
    "User Name": "Harsh",
    "Emotion": [
        98.70830774307251,
        "neutral"
    ],
    "Age": 27,
    "Gender": [
        99.72979426383972,
        "Man"
    ],
    "Race": [
        53.99624657675665,
        "indian"
    ],
    "Dominant Emotion": "indian",
    "Estimated HeartRate": 86.66666666666667
}