{
    "User Name": "Harsh",
    "Emotion": [
        99.94679093995202,
        "neutral"
    ],
    "Age": 29,
    "Gender": [
        99.99991655349731,
        "Man"
    ],
    "Race": [
        63.02173733711243,
        "indian"
    ],
    "Dominant Emotion": "indian",
    "Estimated HeartRate": 86.53225806451613
}