{
    "User Name": "HH",
    "Emotion": [
        88.093548303458,
        "happy"
    ],
    "Age": 23,
    "Gender": [
        100.0,
        "Man"
    ],
    "Race": [
        44.44487061767999,
        "indian"
    ],
    "Dominant Emotion": "indian",
    "Estimated HeartRate": 95.81227436823106
}