{
    "User Name": "Harsh",
    "Emotion": [
        98.52685332298279,
        "happy"
    ],
    "Age": 23,
    "Gender": [
        100.0,
        "Man"
    ],
    "Race": [
        43.190994452893406,
        "latino hispanic"
    ],
    "Dominant Emotion": "latino hispanic",
    "Estimated HeartRate": 82.28373702422145
}